-- phpMyAdmin SQL Dump
-- version 4.2.7.1
-- http://www.phpmyadmin.net
--
-- Host: 127.0.0.1
-- Generation Time: Feb 11, 2016 at 04:17 PM
-- Server version: 5.6.20
-- PHP Version: 5.5.15

SET SQL_MODE = "NO_AUTO_VALUE_ON_ZERO";
SET time_zone = "+00:00";


/*!40101 SET @OLD_CHARACTER_SET_CLIENT=@@CHARACTER_SET_CLIENT */;
/*!40101 SET @OLD_CHARACTER_SET_RESULTS=@@CHARACTER_SET_RESULTS */;
/*!40101 SET @OLD_COLLATION_CONNECTION=@@COLLATION_CONNECTION */;
/*!40101 SET NAMES utf8 */;

--
-- Database: `sch_erp`
--

-- --------------------------------------------------------

--
-- Table structure for table `city_`
--

CREATE TABLE IF NOT EXISTS `city_` (
  `NAME_` varchar(25) NOT NULL
) ENGINE=InnoDB DEFAULT CHARSET=utf8;

--
-- Dumping data for table `city_`
--

INSERT INTO `city_` (`NAME_`) VALUES
('HALDWANI');

-- --------------------------------------------------------

--
-- Table structure for table `country_`
--

CREATE TABLE IF NOT EXISTS `country_` (
  `ABREV_` varchar(5) NOT NULL,
  `NAME_` varchar(25) NOT NULL
) ENGINE=InnoDB DEFAULT CHARSET=utf8;

--
-- Dumping data for table `country_`
--

INSERT INTO `country_` (`ABREV_`, `NAME_`) VALUES
('AD', 'Andorra'),
('AE', 'United Arab Emirates'),
('AF', 'Afghanistan'),
('AG', 'Antigua and Barbuda'),
('AI', 'Anguilla'),
('AL', 'Albania'),
('AM', 'Armenia'),
('AN', 'Netherlands Antilles'),
('AO', 'Angola'),
('AQ', 'Antarctica'),
('AR', 'Argentina'),
('AS', 'American Samoa'),
('AT', 'Austria'),
('AU', 'Australia'),
('AW', 'Aruba'),
('AX', ''),
('AZ', 'Azerbaijan'),
('BA', 'Bosnia and Herzegovina'),
('BB', 'Barbados'),
('BD', 'Bangladesh'),
('BE', 'Belgium'),
('BF', 'Burkina Faso'),
('BG', 'Bulgaria'),
('BH', 'Bahrain'),
('BI', 'Burundi'),
('BJ', 'Benin'),
('BL', 'Saint Barth'),
('BM', 'Bermuda'),
('BN', 'Brunei'),
('BO', 'Bolivia'),
('BQ', 'British Antarctic Territo'),
('BR', 'Brazil'),
('BS', 'Bahamas'),
('BT', 'Bhutan'),
('BV', 'Bouvet Island'),
('BW', 'Botswana'),
('BY', 'Belarus'),
('BZ', 'Belize'),
('CA', 'Canada'),
('CC', 'Cocos [Keeling] Islands'),
('CD', 'Congo - Kinshasa'),
('CF', 'Central African Republic'),
('CG', 'Congo - Brazzaville'),
('CH', 'Switzerland'),
('CI', 'C'),
('CK', 'Cook Islands'),
('CL', 'Chile'),
('CM', 'Cameroon'),
('CN', 'China'),
('CO', 'Colombia'),
('CR', 'Costa Rica'),
('CS', 'Serbia and Montenegro'),
('CT', 'Canton and Enderbury Isla'),
('CU', 'Cuba'),
('CV', 'Cape Verde'),
('CX', 'Christmas Island'),
('CY', 'Cyprus'),
('CZ', 'Czech Republic'),
('DD', 'East Germany'),
('DE', 'Germany'),
('DJ', 'Djibouti'),
('DK', 'Denmark'),
('DM', 'Dominica'),
('DO', 'Dominican Republic'),
('DZ', 'Algeria'),
('EC', 'Ecuador'),
('EE', 'Estonia'),
('EG', 'Egypt'),
('EH', 'Western Sahara'),
('ER', 'Eritrea'),
('ES', 'Spain'),
('ET', 'Ethiopia'),
('FI', 'Finland'),
('FJ', 'Fiji'),
('FK', 'Falkland Islands'),
('FM', 'Micronesia'),
('FO', 'Faroe Islands'),
('FQ', 'French Southern and Antar'),
('FR', 'France'),
('FX', 'Metropolitan France'),
('GA', 'Gabon'),
('GB', 'United Kingdom'),
('GD', 'Grenada'),
('GE', 'Georgia'),
('GF', 'French Guiana'),
('GG', 'Guernsey'),
('GH', 'Ghana'),
('GI', 'Gibraltar'),
('GL', 'Greenland'),
('GM', 'Gambia'),
('GN', 'Guinea'),
('GP', 'Guadeloupe'),
('GQ', 'Equatorial Guinea'),
('GR', 'Greece'),
('GS', 'South Georgia and the Sou'),
('GT', 'Guatemala'),
('GU', 'Guam'),
('GW', 'Guinea-Bissau'),
('GY', 'Guyana'),
('HK', 'Hong Kong SAR China'),
('HM', 'Heard Island and McDonald'),
('HN', 'Honduras'),
('HR', 'Croatia'),
('HT', 'Haiti'),
('HU', 'Hungary'),
('ID', 'Indonesia'),
('IE', 'Ireland'),
('IL', 'Israel'),
('IM', 'Isle of Man'),
('IN', 'India'),
('IO', 'British Indian Ocean Terr'),
('IQ', 'Iraq'),
('IR', 'Iran'),
('IS', 'Iceland'),
('IT', 'Italy'),
('JE', 'Jersey'),
('JM', 'Jamaica'),
('JO', 'Jordan'),
('JP', 'Japan'),
('JT', 'Johnston Island'),
('KE', 'Kenya'),
('KG', 'Kyrgyzstan'),
('KH', 'Cambodia'),
('KI', 'Kiribati'),
('KM', 'Comoros'),
('KN', 'Saint Kitts and Nevis'),
('KP', 'North Korea'),
('KR', 'South Korea'),
('KW', 'Kuwait'),
('KY', 'Cayman Islands'),
('KZ', 'Kazakhstan'),
('LA', 'Laos'),
('LB', 'Lebanon'),
('LC', 'Saint Lucia'),
('LI', 'Liechtenstein'),
('LK', 'Sri Lanka'),
('LR', 'Liberia'),
('LS', 'Lesotho'),
('LT', 'Lithuania'),
('LU', 'Luxembourg'),
('LV', 'Latvia'),
('LY', 'Libya'),
('MA', 'Morocco'),
('MC', 'Monaco'),
('MD', 'Moldova'),
('ME', 'Montenegro'),
('MF', 'Saint Martin'),
('MG', 'Madagascar'),
('MH', 'Marshall Islands'),
('MI', 'Midway Islands'),
('MK', 'Macedonia'),
('ML', 'Mali'),
('MM', 'Myanmar [Burma]'),
('MN', 'Mongolia'),
('MO', 'Macau SAR China'),
('MP', 'Northern Mariana Islands'),
('MQ', 'Martinique'),
('MR', 'Mauritania'),
('MS', 'Montserrat'),
('MT', 'Malta'),
('MU', 'Mauritius'),
('MV', 'Maldives'),
('MW', 'Malawi'),
('MX', 'Mexico'),
('MY', 'Malaysia'),
('MZ', 'Mozambique'),
('NA', 'Namibia'),
('NC', 'New Caledonia'),
('NE', 'Niger'),
('NF', 'Norfolk Island'),
('NG', 'Nigeria'),
('NI', 'Nicaragua'),
('NL', 'Netherlands'),
('NO', 'Norway'),
('NP', 'Nepal'),
('NQ', 'Dronning Maud Land'),
('NR', 'Nauru'),
('NT', 'Neutral Zone'),
('NU', 'Niue'),
('NZ', 'New Zealand'),
('OM', 'Oman'),
('PA', 'Panama'),
('PC', 'Pacific Islands Trust Ter'),
('PE', 'Peru'),
('PF', 'French Polynesia'),
('PG', 'Papua New Guinea'),
('PH', 'Philippines'),
('PK', 'Pakistan'),
('PL', 'Poland'),
('PM', 'Saint Pierre and Miquelon'),
('PN', 'Pitcairn Islands'),
('PR', 'Puerto Rico'),
('PS', 'Palestinian Territories'),
('PT', 'Portugal'),
('PU', 'U.S. Miscellaneous Pacifi'),
('PW', 'Palau'),
('PY', 'Paraguay'),
('PZ', 'Panama Canal Zone'),
('QA', 'Qatar'),
('RE', 'R'),
('RO', 'Romania'),
('RS', 'Serbia'),
('RU', 'Russia'),
('RW', 'Rwanda'),
('SA', 'Saudi Arabia'),
('SB', 'Solomon Islands'),
('SC', 'Seychelles'),
('SD', 'Sudan'),
('SE', 'Sweden'),
('SG', 'Singapore'),
('SH', 'Saint Helena'),
('SI', 'Slovenia'),
('SJ', 'Svalbard and Jan Mayen'),
('SK', 'Slovakia'),
('SL', 'Sierra Leone'),
('SM', 'San Marino'),
('SN', 'Senegal'),
('SO', 'Somalia'),
('SR', 'Suriname'),
('ST', 'S'),
('SU', 'Union of Soviet Socialist'),
('SV', 'El Salvador'),
('SY', 'Syria'),
('SZ', 'Swaziland'),
('TC', 'Turks and Caicos Islands'),
('TD', 'Chad'),
('TF', 'French Southern Territori'),
('TG', 'Togo'),
('TH', 'Thailand'),
('TJ', 'Tajikistan'),
('TK', 'Tokelau'),
('TL', 'Timor-Leste'),
('TM', 'Turkmenistan'),
('TN', 'Tunisia'),
('TO', 'Tonga'),
('TR', 'Turkey'),
('TT', 'Trinidad and Tobago'),
('TV', 'Tuvalu'),
('TW', 'Taiwan'),
('TZ', 'Tanzania'),
('UA', 'Ukraine'),
('UG', 'Uganda'),
('UM', 'U.S. Minor Outlying Islan'),
('US', 'United States'),
('UY', 'Uruguay'),
('UZ', 'Uzbekistan'),
('VA', 'Vatican City'),
('VC', 'Saint Vincent and the Gre'),
('VD', 'North Vietnam'),
('VE', 'Venezuela'),
('VG', 'British Virgin Islands'),
('VI', 'U.S. Virgin Islands'),
('VN', 'Vietnam'),
('VU', 'Vanuatu'),
('WF', 'Wallis and Futuna'),
('WK', 'Wake Island'),
('WS', 'Samoa'),
('YD', 'People''s Democratic Repub'),
('YE', 'Yemen'),
('YT', 'Mayotte'),
('ZA', 'South Africa'),
('ZM', 'Zambia'),
('ZW', 'Zimbabwe'),
('ZZ', 'Unknown or Invalid Region');

-- --------------------------------------------------------

--
-- Table structure for table `fee`
--

CREATE TABLE IF NOT EXISTS `fee` (
`feeID` int(11) NOT NULL,
  `regID` varchar(25) NOT NULL,
  `date` varchar(20) NOT NULL,
  `Amount` int(11) NOT NULL,
  `username` varchar(100) NOT NULL,
  `feetype` varchar(20) NOT NULL,
  `feemode` varchar(20) NOT NULL,
  `bankname` varchar(50) NOT NULL,
  `dd_ch_no` varchar(20) NOT NULL,
  `dd_ch_date` varchar(20) NOT NULL,
  `DOE_` timestamp NOT NULL DEFAULT CURRENT_TIMESTAMP
) ENGINE=InnoDB  DEFAULT CHARSET=utf8 AUTO_INCREMENT=2 ;

-- --------------------------------------------------------

--
-- Table structure for table `login`
--

CREATE TABLE IF NOT EXISTS `login` (
  `USERNAME_` varchar(40) NOT NULL,
  `PASSWORD_` varchar(25) NOT NULL,
  `USER_STATUS` varchar(5) NOT NULL
) ENGINE=InnoDB DEFAULT CHARSET=utf8;

--
-- Dumping data for table `login`
--

INSERT INTO `login` (`USERNAME_`, `PASSWORD_`, `USER_STATUS`) VALUES
('deepak', '123', 'nw'),
('gopal', '123', 'adm'),
('naveen', '123', 'adm'),
('nitin', '123', 'adm'),
('operator1', 'oper$#1234', 'deo');

-- --------------------------------------------------------

--
-- Table structure for table `menu`
--

CREATE TABLE IF NOT EXISTS `menu` (
`ID_` int(11) NOT NULL,
  `PRE_ICON` varchar(150) NOT NULL,
  `MENU` varchar(30) NOT NULL,
  `PATH_` varchar(300) NOT NULL,
  `PRIORITY_` int(11) NOT NULL
) ENGINE=InnoDB  DEFAULT CHARSET=utf8 AUTO_INCREMENT=4 ;

--
-- Dumping data for table `menu`
--

INSERT INTO `menu` (`ID_`, `PRE_ICON`, `MENU`, `PATH_`, `PRIORITY_`) VALUES
(1, 'icon_house_alt', 'Dashboard', 'web', 1),
(2, 'fa fa-users', 'Registration', 'x', 2),
(3, 'fa fa-money', 'Fees', 'x', 3);

-- --------------------------------------------------------

--
-- Table structure for table `online_registration`
--

CREATE TABLE IF NOT EXISTS `online_registration` (
`regid` int(11) NOT NULL,
  `FULLNAME` varchar(150) NOT NULL,
  `GENDER` varchar(10) NOT NULL,
  `FATHER` varchar(150) NOT NULL,
  `NATIONALITY` varchar(25) NOT NULL,
  `STUDENT_INTEREST` varchar(120) NOT NULL,
  `ADMISSION_FOR` varchar(25) NOT NULL,
  `CLASS_FOR_ADMISSION` varchar(5) NOT NULL,
  `APPLIED_YEAR` int(11) NOT NULL,
  `TRANSPORT_REQUIRED` varchar(5) NOT NULL,
  `LAST_SCHOOL_NAME` varchar(300) NOT NULL,
  `LAST_SCHOOL_GRADE` varchar(50) NOT NULL,
  `ADDRESS_` varchar(250) NOT NULL,
  `CITY_` varchar(50) NOT NULL,
  `PINCODE_` varchar(10) NOT NULL,
  `STATE_` varchar(50) NOT NULL,
  `COUNTRY_` varchar(50) NOT NULL,
  `MOBILE_` varchar(15) NOT NULL,
  `EMAIL_` varchar(100) NOT NULL,
  `DOR_` timestamp NOT NULL DEFAULT CURRENT_TIMESTAMP
) ENGINE=InnoDB DEFAULT CHARSET=utf8 AUTO_INCREMENT=1 ;

-- --------------------------------------------------------

--
-- Table structure for table `register_with_us`
--

CREATE TABLE IF NOT EXISTS `register_with_us` (
  `regid` varchar(25) NOT NULL,
  `FULLNAME` varchar(150) NOT NULL,
  `FATHER` varchar(150) NOT NULL,
  `DOB_` varchar(150) NOT NULL,
  `PHOTO_` varchar(250) NOT NULL,
  `GENDER` varchar(10) NOT NULL,
  `NATIONALITY` varchar(25) NOT NULL DEFAULT '-x-',
  `STUDENT_INTEREST` varchar(120) NOT NULL DEFAULT '-x-',
  `ADMISSION_FOR` varchar(25) NOT NULL,
  `CLASS_FOR_ADMISSION` varchar(5) NOT NULL,
  `APPLIED_YEAR` int(11) NOT NULL,
  `TRANSPORT_REQUIRED` varchar(5) NOT NULL,
  `LAST_SCHOOL_NAME` varchar(300) NOT NULL,
  `LAST_SCHOOL_GRADE` varchar(50) NOT NULL,
  `ADDRESS_` varchar(250) NOT NULL,
  `CITY_` varchar(50) NOT NULL,
  `PINCODE_` varchar(10) NOT NULL,
  `ZONE_` varchar(20) NOT NULL,
  `STATE_` varchar(50) NOT NULL,
  `COUNTRY_` varchar(50) NOT NULL,
  `MOBILE_` varchar(15) NOT NULL,
  `EMAIL_` varchar(100) NOT NULL,
  `KNOWN_SOURCE_` varchar(200) NOT NULL,
  `PASSWORD_` varchar(25) NOT NULL DEFAULT '123456',
  `DOR_` timestamp NOT NULL DEFAULT CURRENT_TIMESTAMP,
  `USERNAME_` varchar(40) NOT NULL
) ENGINE=InnoDB DEFAULT CHARSET=utf8;

-- --------------------------------------------------------

--
-- Table structure for table `state_`
--

CREATE TABLE IF NOT EXISTS `state_` (
  `NAME_` varchar(100) NOT NULL
) ENGINE=InnoDB DEFAULT CHARSET=utf8;

--
-- Dumping data for table `state_`
--

INSERT INTO `state_` (`NAME_`) VALUES
('UTTARAKHAND'),
('UTTAR PRADESH'),
('DELHI'),
('HARAYANA'),
('KARNATAKA'),
('MAHARASHTRA');

-- --------------------------------------------------------

--
-- Table structure for table `submenu`
--

CREATE TABLE IF NOT EXISTS `submenu` (
`SUBMENUID` int(11) NOT NULL,
  `PRE_ICON` varchar(150) NOT NULL,
  `SUBMENU` varchar(150) NOT NULL,
  `PATH_` varchar(300) NOT NULL,
  `PRIORITY` int(11) NOT NULL,
  `ID_` int(11) NOT NULL
) ENGINE=InnoDB  DEFAULT CHARSET=utf8 AUTO_INCREMENT=4 ;

--
-- Dumping data for table `submenu`
--

INSERT INTO `submenu` (`SUBMENUID`, `PRE_ICON`, `SUBMENU`, `PATH_`, `PRIORITY`, `ID_`) VALUES
(1, 'fa fa-child', 'New', 'web/stuRegistration', 1, 2),
(2, 'fa fa-pencil-square-o', 'Edit', 'web/editReg', 2, 2),
(3, 'fa fa-pencil-square-o', 'Fee-Head', 'web/addFeeHead', 3, 3);

-- --------------------------------------------------------

--
-- Table structure for table `user_status`
--

CREATE TABLE IF NOT EXISTS `user_status` (
  `ST_ID` varchar(5) NOT NULL,
  `STATUS` varchar(25) NOT NULL
) ENGINE=InnoDB DEFAULT CHARSET=utf8;

--
-- Dumping data for table `user_status`
--

INSERT INTO `user_status` (`ST_ID`, `STATUS`) VALUES
('adm', 'Admin'),
('deo', 'Data Entry Operator'),
('fc', 'Faculty'),
('meo', 'Marks Entry Operator'),
('nw', 'news');

-- --------------------------------------------------------

--
-- Table structure for table `zone_`
--

CREATE TABLE IF NOT EXISTS `zone_` (
  `ID` int(11) NOT NULL,
  `ZONE` varchar(10) NOT NULL
) ENGINE=InnoDB DEFAULT CHARSET=utf8;

--
-- Dumping data for table `zone_`
--

INSERT INTO `zone_` (`ID`, `ZONE`) VALUES
(1, 'NORTH'),
(2, 'SOUTH'),
(3, 'EAST'),
(4, 'WEST'),
(5, 'NORTH EAST'),
(6, 'CENTRAL');

-- --------------------------------------------------------

--
-- Table structure for table `zone_region`
--

CREATE TABLE IF NOT EXISTS `zone_region` (
  `ID_` int(11) NOT NULL,
  `ZONE_` int(11) NOT NULL,
  `REGION` varchar(10) NOT NULL,
  `REG_NAME` varchar(50) NOT NULL
) ENGINE=InnoDB DEFAULT CHARSET=utf8;

--
-- Dumping data for table `zone_region`
--

INSERT INTO `zone_region` (`ID_`, `ZONE_`, `REGION`, `REG_NAME`) VALUES
(1, 1, 'PB', 'Punjab'),
(2, 1, 'JK', 'Jammu & Kashmi'),
(3, 1, 'HR', 'Harayana'),
(4, 1, 'HP', 'Himanchal Pradesh'),
(5, 1, 'UP', 'Uttar Pradesh'),
(6, 1, 'UL', 'Uttarakhand'),
(7, 1, 'RJ', 'Rajasthan'),
(8, 1, 'CH', 'Chandigarh'),
(9, 1, 'DL', 'Delhi'),
(10, 2, 'AP', 'Andhra Pradesh'),
(11, 2, 'KA', 'Karnataka'),
(12, 2, 'KL', 'Kerala'),
(13, 2, 'TN', 'Tamil Nadu'),
(14, 2, 'TG', 'Telangana'),
(15, 3, 'WB', 'West Bengal'),
(16, 3, 'OS', 'Odisa'),
(17, 3, 'BR', 'Bihar'),
(18, 3, 'JH', 'Jharkhand'),
(19, 3, 'AN', 'Andaman and Nicobaar Islands'),
(20, 4, 'GJ', 'Gujrat'),
(21, 4, 'MH', 'Maharshtra'),
(22, 4, 'GO', 'Goa'),
(23, 4, 'DD', 'Daman and Diu'),
(24, 4, 'DN', 'Dadra and Nagar Havali'),
(25, 6, 'MP', 'Madhya Pradesh'),
(26, 6, 'CG', 'Chhatisgarh'),
(27, 5, 'AS', 'Assam'),
(28, 5, 'SK', 'Sikkim'),
(29, 5, 'NG', 'Nagaland'),
(30, 5, 'MG', 'Meghalaya'),
(31, 5, 'MN', 'Manipur'),
(32, 5, 'MZ', 'Mizoram'),
(33, 5, 'TR', 'Tripura'),
(34, 5, 'AZ', 'Arunachal Pradesh');

-- --------------------------------------------------------

--
-- Table structure for table `_id_`
--

CREATE TABLE IF NOT EXISTS `_id_` (
  `ID_` int(11) NOT NULL,
  `regid_` varchar(25) NOT NULL
) ENGINE=InnoDB DEFAULT CHARSET=utf8;

--
-- Indexes for dumped tables
--

--
-- Indexes for table `city_`
--
ALTER TABLE `city_`
 ADD PRIMARY KEY (`NAME_`);

--
-- Indexes for table `country_`
--
ALTER TABLE `country_`
 ADD PRIMARY KEY (`ABREV_`);

--
-- Indexes for table `fee`
--
ALTER TABLE `fee`
 ADD PRIMARY KEY (`feeID`), ADD KEY `regID` (`regID`,`date`), ADD KEY `userID` (`username`), ADD KEY `username` (`username`), ADD KEY `username_2` (`username`), ADD KEY `regID_2` (`regID`), ADD KEY `feetype` (`feetype`);

--
-- Indexes for table `login`
--
ALTER TABLE `login`
 ADD PRIMARY KEY (`USERNAME_`);

--
-- Indexes for table `menu`
--
ALTER TABLE `menu`
 ADD PRIMARY KEY (`ID_`);

--
-- Indexes for table `online_registration`
--
ALTER TABLE `online_registration`
 ADD PRIMARY KEY (`regid`);

--
-- Indexes for table `register_with_us`
--
ALTER TABLE `register_with_us`
 ADD PRIMARY KEY (`regid`);

--
-- Indexes for table `submenu`
--
ALTER TABLE `submenu`
 ADD PRIMARY KEY (`SUBMENUID`);

--
-- Indexes for table `user_status`
--
ALTER TABLE `user_status`
 ADD PRIMARY KEY (`ST_ID`);

--
-- Indexes for table `zone_`
--
ALTER TABLE `zone_`
 ADD PRIMARY KEY (`ID`);

--
-- Indexes for table `zone_region`
--
ALTER TABLE `zone_region`
 ADD PRIMARY KEY (`ID_`);

--
-- AUTO_INCREMENT for dumped tables
--

--
-- AUTO_INCREMENT for table `fee`
--
ALTER TABLE `fee`
MODIFY `feeID` int(11) NOT NULL AUTO_INCREMENT,AUTO_INCREMENT=2;
--
-- AUTO_INCREMENT for table `menu`
--
ALTER TABLE `menu`
MODIFY `ID_` int(11) NOT NULL AUTO_INCREMENT,AUTO_INCREMENT=4;
--
-- AUTO_INCREMENT for table `online_registration`
--
ALTER TABLE `online_registration`
MODIFY `regid` int(11) NOT NULL AUTO_INCREMENT;
--
-- AUTO_INCREMENT for table `submenu`
--
ALTER TABLE `submenu`
MODIFY `SUBMENUID` int(11) NOT NULL AUTO_INCREMENT,AUTO_INCREMENT=4;
/*!40101 SET CHARACTER_SET_CLIENT=@OLD_CHARACTER_SET_CLIENT */;
/*!40101 SET CHARACTER_SET_RESULTS=@OLD_CHARACTER_SET_RESULTS */;
/*!40101 SET COLLATION_CONNECTION=@OLD_COLLATION_CONNECTION */;
